Date,Date_Processed,Season,Lake,Specie,Fish_ID,FishTotal,SAFO,FishUnknown,Total_Zooplankton,Cladocera,Bosmina,Copepoda,Hydrachnidea,Turbellaria,ZooplanktonParts,Egg,EggCluster,Total_Bentich_MacroInvertebrate,Total_terrestrial,Bivalvia,Ephemeroptera,EphemeropteraParts,Trichoptera,TrichopteraParts,Plecoptera,ColeopteraTerr,ColeopteraTerrParts,Odonata,OdonataParts,OdonataAdult,OdonataAdultParts,Zygoptera,ZygopteraParts,Megaloptera,MegalopteraParts,Diptera,DipteraParts,Wasp,Amphipoda,Hirudinea,Formicidae,Annelida,UnknownMacroInvertebrateParts,Parasites,misc.RemainsParts
3/21/2023,11/28/2023,Winter,Cascapedia,SAFO,70,0,0,0,0,0,0,0,0,0,0,0,0,1,0,0,0,0,0,0,0,0,0,0,0,0,0,0,0,0,0,0,0,0,0,1,0,0,0,0,0
3/22/2023,12/1/2023,Winter,Cascapedia,SAFO,100,0,0,0,0,0,0,0,0,0,0,0,0,1,0,0,0,0,0,0,0,0,0,0,0,0,0,0,0,0,1,0,0,0,0,0,0,0,0,0,0
7/20/2023,11/2/2023,Summer,Cascapedia,SAFO,205,0,0,0,0,0,0,0,0,0,0,0,0,10,0,0,3,3,0,0,0,0,0,0,0,0,0,1,0,0,0,2,1,0,0,0,0,0,2,0,15
7/20/2023,10/10/2023,Summer,Cascapedia,SAFO,207,0,0,0,0,0,0,0,0,0,0,0,0,0,0,0,0,0,0,0,0,0,0,0,0,0,0,0,0,0,0,0,0,0,0,0,0,0,0,0,6
7/20/2023,11/8/2023,Summer,Cascapedia,SAFO,208,0,0,0,0,0,0,0,0,0,0,0,0,6,0,0,6,0,0,0,0,0,0,0,0,0,0,0,0,0,0,0,0,0,0,0,0,0,6,0,26
7/20/2023,10/9/2023,Summer,Cascapedia,SAFO,210,0,0,0,0,0,0,0,0,0,0,0,0,13,1,0,0,1,0,0,0,1,0,7,5,0,0,0,0,0,0,0,0,0,0,0,0,0,0,0,19
7/20/2023,10/4/2023,Summer,Cascapedia,SAFO,246,0,0,0,0,0,0,0,0,0,0,0,0,0,0,0,0,0,0,0,0,0,0,0,0,0,0,0,0,0,0,0,0,0,0,0,0,0,0,0,7
7/20/2023,10/17/2023,Summer,Cascapedia,SAFO,272,0,0,0,0,0,0,0,0,0,0,0,0,0,0,0,0,0,0,0,0,0,0,0,0,0,0,0,0,0,0,0,0,0,0,0,0,0,0,0,1
7/20/2023,10/4/2023,Summer,Cascapedia,SAFO,276,0,0,0,0,0,0,0,0,0,0,0,0,0,0,0,0,0,0,0,0,0,0,0,0,0,0,0,0,0,0,0,0,0,0,0,0,0,0,0,5
7/20/2023,11/7/2023,Summer,Cascapedia,SAFO,280,0,0,0,0,0,0,0,0,0,0,0,0,11,4,0,0,0,0,0,0,0,4,5,6,0,0,0,0,0,0,0,0,0,0,0,0,0,0,0,42
7/20/2023,11/7/2023,Summer,Cascapedia,SAFO,294,0,0,0,181,1,0,0,0,0,180,0,0,0,0,0,0,0,0,0,0,0,0,0,0,0,0,0,0,0,0,0,0,0,0,0,0,0,0,0,7
3/20/2023,12/1/2023,Winter,Cascapedia,SAFO,52,0,0,0,0,0,0,0,0,0,0,0,0,0,0,0,0,0,0,0,0,0,0,0,0,0,0,0,0,0,0,0,0,0,0,0,0,0,0,0,0
3/20/2023,11/27/2023,Winter,Cascapedia,SAFO,56,0,0,0,0,0,0,0,0,0,0,0,0,0,0,0,0,0,0,0,0,0,0,0,0,0,0,0,0,0,0,0,0,0,0,0,0,0,0,0,0
3/21/2023,11/23/2023,Winter,Cascapedia,SAFO,88,0,0,0,0,0,0,0,0,0,0,0,0,0,0,0,0,0,0,0,0,0,0,0,0,0,0,0,0,0,0,0,0,0,0,0,0,0,0,0,0
3/23/2023,12/18/2023,Winter,Cascapedia,SAFO,124,0,0,0,0,0,0,0,0,0,0,0,0,0,0,0,0,0,0,0,0,0,0,0,0,0,0,0,0,0,0,0,0,0,0,0,0,0,0,0,0
7/20/2023,10/25/2023,Summer,Cascapedia,SAFO,247,0,0,0,0,0,0,0,0,0,0,0,0,0,0,0,0,0,0,0,0,0,0,0,0,0,0,0,0,0,0,0,0,0,0,0,0,0,0,0,0
7/20/2023,11/7/2023,Summer,Cascapedia,SAFO,275,0,0,0,0,0,0,0,0,0,0,0,0,0,0,0,0,0,0,0,0,0,0,0,0,0,0,0,0,0,0,0,0,0,0,0,0,0,0,0,0
7/20/2023,10/30/2023,Summer,Cascapedia,SAFO,290,0,0,0,0,0,0,0,0,0,0,0,0,0,0,0,0,0,0,0,0,0,0,0,0,0,0,0,0,0,0,0,0,0,0,0,0,0,0,0,0
7/20/2023,10/16/2023,Summer,Cascapedia,SAFO,271,0,0,0,0,0,0,0,0,0,0,0,0,0,0,0,0,0,0,0,0,0,0,0,0,0,0,0,0,0,0,0,0,0,0,0,0,0,0,2,0
3/20/2023,11/27/2023,Winter,Cascapedia,SAFO,46,0,0,0,0,0,0,0,0,0,0,0,0,0,0,0,0,0,0,0,0,0,0,0,0,0,0,0,0,0,0,0,0,0,0,0,0,0,0,0,0
3/22/2023,11/15/2023,Winter,Cascapedia,SAFO,95,0,0,0,0,0,0,0,0,0,0,0,0,0,0,0,0,0,0,0,0,0,0,0,0,0,0,0,0,0,0,0,0,0,0,0,0,0,0,0,0
3/22/2023,11/23/2023,Winter,Cascapedia,SAFO,99,0,0,0,0,0,0,0,0,0,0,0,0,0,0,0,0,0,0,0,0,0,0,0,0,0,0,0,0,0,0,0,0,0,0,0,0,0,0,0,0
7/20/2023,11/9/2023,Summer,Cascapedia,SAFO,244,0,0,0,0,0,0,0,0,0,0,0,0,0,0,0,0,0,0,0,0,0,0,0,0,0,0,0,0,0,0,0,0,0,0,0,0,0,0,0,0
3/22/2023,11/27/2023,Winter,Cascapedia,SAFO,98,0,0,0,0,0,0,0,0,0,0,0,0,6,0,0,1,0,0,1,0,0,0,0,4,0,0,0,0,0,0,0,0,0,0,0,0,0,0,0,1
3/21/2023,11/29/2023,Winter,Cascapedia,SAFO,82,0,0,0,0,0,0,0,0,0,0,0,0,7,0,0,2,0,0,0,0,0,0,0,0,0,0,0,0,0,0,0,0,0,5,0,0,0,0,0,5
3/18/2023,11/15/2023,Winter,Cascapedia,SAFO,25,0,0,0,0,0,0,0,0,0,0,0,0,8,0,0,1,2,0,3,0,0,0,1,0,0,0,0,0,1,0,0,0,0,0,0,0,0,0,0,11
3/18/2023,11/14/2023,Winter,Cascapedia,SAFO,30,1,0,1,0,0,0,0,0,0,0,0,0,0,0,0,0,0,0,0,0,0,0,0,0,0,0,0,0,0,0,0,0,0,0,0,0,0,0,0,2
3/18/2023,11/23/2023,Winter,Cascapedia,SAFO,33,0,0,0,0,0,0,0,0,0,0,0,0,0,0,0,0,0,0,0,0,0,0,0,0,0,0,0,0,0,0,0,0,0,0,0,0,0,0,0,8
3/18/2023,11/15/2023,Winter,Cascapedia,SAFO,34,0,0,0,0,0,0,0,0,0,0,0,0,12,0,2,5,4,0,0,0,0,0,1,0,0,0,0,0,0,0,0,0,0,0,0,0,0,0,0,19
3/19/2023,12/1/2023,Winter,Cascapedia,SAFO,39,0,0,0,6,0,0,0,0,0,6,0,0,5,0,0,0,0,0,0,0,0,0,0,0,0,0,0,0,0,2,0,0,0,3,0,0,0,0,1,11
3/19/2023,11/28/2023,Winter,Cascapedia,SAFO,40,0,0,0,0,0,0,0,0,0,0,0,0,1,0,0,0,0,0,0,0,0,0,1,0,0,0,0,0,0,0,0,0,0,0,0,0,0,0,0,0
3/19/2023,11/27/2023,Winter,Cascapedia,SAFO,41,0,0,0,0,0,0,0,0,0,0,0,0,1,0,0,0,0,1,0,0,0,0,0,0,0,0,0,0,0,0,0,0,0,0,0,0,0,0,0,1
3/20/2023,11/27/2023,Winter,Cascapedia,SAFO,43,0,0,0,1,0,0,1,0,0,0,0,0,18,0,0,0,0,0,0,0,0,0,3,8,0,0,1,0,0,0,0,0,0,6,0,0,0,0,0,0
3/20/2023,11/27/2023,Winter,Cascapedia,SAFO,44,0,0,0,0,0,0,0,0,0,0,0,0,0,0,0,0,0,0,0,0,0,0,0,0,0,0,0,0,0,0,0,0,0,0,0,0,0,0,0,1
3/20/2023,11/21/2023,Winter,Cascapedia,SAFO,45,0,0,0,0,0,0,0,0,0,0,0,0,2,0,0,0,0,0,0,0,0,0,2,0,0,0,0,0,0,0,0,0,0,0,0,0,0,0,0,6
3/20/2023,11/23/2023,Winter,Cascapedia,SAFO,47,0,0,0,0,0,0,0,0,0,0,0,0,1,0,0,0,0,0,0,0,0,0,1,0,0,0,0,0,0,0,0,0,0,0,0,0,0,0,0,0
3/20/2023,11/27/2023,Winter,Cascapedia,SAFO,48,0,0,0,0,0,0,0,0,0,0,0,0,8,0,1,0,5,0,0,0,0,0,0,0,0,0,0,0,0,0,0,0,0,2,0,0,0,0,0,13
3/20/2023,11/28/2023,Winter,Cascapedia,SAFO,50,0,0,0,0,0,0,0,0,0,0,0,0,2,0,0,0,0,1,0,0,0,0,0,0,0,0,0,0,0,0,0,0,0,1,0,0,0,0,0,1
3/20/2023,12/1/2023,Winter,Cascapedia,SAFO,51,0,0,0,0,0,0,0,0,0,0,0,0,1,0,0,0,0,0,0,0,0,0,0,1,0,0,0,0,0,0,0,0,0,0,0,0,0,0,0,0
3/20/2023,11/27/2023,Winter,Cascapedia,SAFO,54,0,0,0,0,0,0,0,0,0,0,0,0,0,0,0,0,0,0,0,0,0,0,0,0,0,0,0,0,0,0,0,0,0,0,0,0,0,0,0,6
3/20/2023,11/13/2023,Winter,Cascapedia,SAFO,57,0,0,0,0,0,0,0,0,0,0,0,0,1,0,0,0,0,0,1,0,0,0,0,0,0,0,0,0,0,0,0,0,0,0,0,0,0,1,0,0
3/20/2023,11/9/2023,Winter,Cascapedia,SAFO,58,0,0,0,0,0,0,0,0,0,0,0,0,1,0,0,0,0,0,0,0,0,0,0,1,0,0,0,0,0,0,0,0,0,0,0,0,0,0,0,1
3/21/2023,12/1/2023,Winter,Cascapedia,SAFO,68,0,0,0,0,0,0,0,0,0,0,0,0,2,0,0,0,0,0,0,0,0,0,1,0,0,0,0,0,0,0,0,0,0,1,0,0,0,0,0,0
3/21/2023,11/13/2023,Winter,Cascapedia,SAFO,69,0,0,0,0,0,0,0,0,0,0,0,0,8,0,0,6,0,0,0,0,0,0,0,0,0,0,0,0,0,0,0,0,0,2,0,0,0,0,0,9
3/21/2023,11/13/2023,Winter,Cascapedia,SAFO,71,0,0,0,2,0,1,0,0,0,1,0,0,12,0,0,0,1,0,0,0,0,0,0,0,0,0,1,0,0,0,0,0,0,10,0,0,0,0,0,17
3/21/2023,11/14/2023,Winter,Cascapedia,SAFO,72,0,0,0,0,0,0,0,0,0,0,0,0,2,0,0,0,0,0,0,0,0,0,1,0,0,0,0,0,0,1,0,0,0,0,0,0,0,0,0,0
3/21/2023,12/1/2023,Winter,Cascapedia,SAFO,75,0,0,0,0,0,0,0,0,0,0,0,0,19,0,0,0,0,8,1,0,0,0,0,0,0,0,9,1,0,0,0,0,0,0,0,0,0,0,0,0
3/21/2023,11/27/2023,Winter,Cascapedia,SAFO,79,0,0,0,0,0,0,0,0,0,0,0,0,1,0,0,1,0,0,0,0,0,0,0,0,0,0,0,0,0,0,0,0,0,0,0,0,0,0,0,6
3/21/2023,11/27/2023,Winter,Cascapedia,SAFO,80,0,0,0,0,0,0,0,0,0,0,0,0,1,0,0,0,1,0,0,0,0,0,0,0,0,0,0,0,0,0,0,0,0,0,0,0,0,0,0,3
3/21/2023,11/23/2023,Winter,Cascapedia,SAFO,83,0,0,0,0,0,0,0,0,0,0,0,0,1,0,0,0,0,0,0,0,0,0,1,0,0,0,0,0,0,0,0,0,0,0,0,0,0,0,0,0
3/21/2023,11/23/2023,Winter,Cascapedia,SAFO,84,0,0,0,0,0,0,0,0,0,0,0,0,2,0,0,1,1,0,0,0,0,0,0,0,0,0,0,0,0,0,0,0,0,0,0,0,0,0,0,8
3/21/2023,11/15/2023,Winter,Cascapedia,SAFO,85,0,0,0,0,0,0,0,0,0,0,0,0,2,0,2,0,0,0,0,0,0,0,0,0,0,0,0,0,0,0,0,0,0,0,0,0,0,0,0,0
3/21/2023,11/15/2023,Winter,Cascapedia,SAFO,86,0,0,0,0,0,0,0,0,0,0,0,0,0,0,0,0,0,0,0,0,0,0,0,0,0,0,0,0,0,0,0,0,0,0,0,0,0,0,0,2
3/21/2023,11/29/2023,Winter,Cascapedia,SAFO,87,0,0,0,0,0,0,0,0,0,0,0,0,4,0,0,0,0,0,0,0,0,0,1,3,0,0,0,0,0,0,0,0,0,0,0,0,0,0,0,0
3/21/2023,11/21/2023,Winter,Cascapedia,SAFO,89,0,0,0,0,0,0,0,0,0,0,0,0,1,0,0,0,0,0,1,0,0,0,0,0,0,0,0,0,0,0,0,0,0,0,0,0,0,0,0,10
3/21/2023,11/15/2023,Winter,Cascapedia,SAFO,90,0,0,0,0,0,0,0,0,0,0,0,0,3,0,0,1,2,0,0,0,0,0,0,0,0,0,0,0,0,0,0,0,0,0,0,0,0,0,0,10
3/21/2023,11/15/2023,Winter,Cascapedia,SAFO,91,0,0,0,0,0,0,0,0,0,0,0,0,8,0,0,0,8,0,0,0,0,0,0,0,0,0,0,0,0,0,0,0,0,0,0,0,0,0,0,1
3/22/2023,11/15/2023,Winter,Cascapedia,SAFO,97,0,0,0,0,0,0,0,0,0,0,0,0,4,0,0,1,2,0,0,0,0,0,0,0,0,0,0,0,0,0,0,0,0,1,0,0,0,0,0,6
3/22/2023,11/15/2023,Winter,Cascapedia,SAFO,101,0,0,0,0,0,0,0,0,0,0,0,0,1,0,0,0,0,0,1,0,0,0,0,0,0,0,0,0,0,0,0,0,0,0,0,0,0,0,0,23
3/22/2023,11/28/2023,Winter,Cascapedia,SAFO,102,0,0,0,0,0,0,0,0,0,0,0,0,0,0,0,0,0,0,0,0,0,0,0,0,0,0,0,0,0,0,0,0,0,0,0,0,0,0,0,1
3/22/2023,11/28/2023,Winter,Cascapedia,SAFO,104,0,0,0,0,0,0,0,0,0,0,0,0,0,0,0,0,0,0,0,0,0,0,0,0,0,0,0,0,0,0,0,0,0,0,0,0,0,0,0,3
3/23/2023,12/1/2023,Winter,Cascapedia,SAFO,117,0,0,0,0,0,0,0,0,0,0,0,0,3,0,0,0,0,0,0,0,0,0,0,0,0,0,0,0,0,0,0,0,0,3,0,0,0,0,1,2
3/23/2023,11/30/2023,Winter,Cascapedia,SAFO,119,0,0,0,0,0,0,0,0,0,0,0,0,13,0,0,0,0,0,0,0,0,0,2,0,0,0,0,0,1,0,0,0,0,10,0,0,0,0,0,0
3/23/2023,11/9/2023,Winter,Cascapedia,SAFO,120,0,0,0,1,0,0,1,0,0,0,0,0,13,0,0,0,0,0,0,0,0,0,0,0,0,0,0,0,0,0,0,0,0,13,0,0,0,0,0,14
3/23/2023,12/18/2023,Winter,Cascapedia,SAFO,122,0,0,0,0,0,0,0,0,0,0,0,0,0,0,0,0,0,0,0,0,0,0,0,0,0,0,0,0,0,0,0,0,0,0,0,0,0,0,0,12
3/23/2023,12/18/2023,Winter,Cascapedia,SAFO,133,0,0,0,0,0,0,0,0,0,0,0,0,17,0,0,1,0,0,0,0,0,0,0,0,0,0,0,0,0,1,0,0,0,15,0,0,0,0,0,9
7/20/2023,11/2/2023,Summer,Cascapedia,SAFO,204,0,0,0,0,0,0,0,0,0,0,0,0,4,0,0,0,0,0,0,0,0,0,0,0,0,0,0,0,0,0,2,2,0,0,0,0,0,5,0,51
7/20/2023,11/7/2023,Summer,Cascapedia,SAFO,206,0,0,0,0,0,0,0,0,0,0,0,0,13,0,0,0,0,0,0,0,0,0,0,0,0,0,0,0,0,0,13,0,0,0,0,0,0,0,0,72
7/20/2023,10/24/2023,Summer,Cascapedia,SAFO,211,0,0,0,0,0,0,0,0,0,0,0,0,11,0,0,9,0,0,0,0,0,0,0,0,0,0,0,0,0,0,0,0,0,0,2,0,0,0,0,2
7/20/2023,11/2/2023,Summer,Cascapedia,SAFO,212,0,0,0,0,0,0,0,0,0,0,0,0,2,3,0,0,0,0,0,0,2,1,0,0,0,0,0,0,0,0,2,0,0,0,0,0,0,16,0,18
7/20/2023,11/7/2023,Summer,Cascapedia,SAFO,213,0,0,0,0,0,0,0,0,0,0,0,0,52,0,0,0,0,0,0,0,0,0,8,1,0,0,0,0,0,0,0,40,0,3,0,0,0,2,2,132
7/20/2023,11/6/2023,Summer,Cascapedia,SAFO,214,0,0,0,0,0,0,0,0,0,0,0,0,1,10,0,1,0,0,0,0,5,4,0,0,0,0,0,0,0,0,0,0,0,0,0,1,0,4,0,45
7/20/2023,11/8/2023,Summer,Cascapedia,SAFO,215,0,0,0,0,0,0,0,0,0,0,0,0,59,0,0,7,2,0,0,0,0,0,37,12,0,0,0,0,0,0,0,0,0,0,1,0,0,0,1,5
7/20/2023,11/7/2023,Summer,Cascapedia,SAFO,245,0,0,0,0,0,0,0,0,0,0,0,0,0,0,0,0,0,0,0,0,0,0,0,0,0,0,0,0,0,0,0,0,0,0,0,0,0,7,0,57
7/20/2023,11/7/2023,Summer,Cascapedia,SAFO,248,0,0,0,0,0,0,0,0,0,0,0,0,4,0,1,0,0,0,0,0,0,0,0,0,0,0,0,0,0,0,0,3,0,0,0,0,0,0,0,15
7/20/2023,10/17/2023,Summer,Cascapedia,SAFO,249,0,0,0,0,0,0,0,0,0,0,0,0,2,0,0,0,0,0,0,0,0,0,0,0,0,0,0,0,0,0,0,0,0,2,0,0,0,0,0,56
7/20/2023,10/4/2023,Summer,Cascapedia,SAFO,250,0,0,0,0,0,0,0,0,0,0,0,0,0,0,0,0,0,0,0,0,0,0,0,0,0,0,0,0,0,0,0,0,0,0,0,0,0,3,0,17
7/20/2023,10/23/2023,Summer,Cascapedia,SAFO,251,0,0,0,0,0,0,0,0,0,0,0,0,2,0,0,2,0,0,0,0,0,0,0,0,0,0,0,0,0,0,0,0,0,0,0,0,0,4,0,53
7/20/2023,11/8/2023,Summer,Cascapedia,SAFO,252,0,0,0,0,0,0,0,0,0,0,0,0,0,0,0,0,0,0,0,0,0,0,0,0,0,0,0,0,0,0,0,0,0,0,0,0,0,0,0,15
7/20/2023,10/13/2023,Summer,Cascapedia,SAFO,253,0,0,0,0,0,0,0,0,0,0,0,0,2,0,0,0,0,0,0,0,0,0,1,1,0,0,0,0,0,0,0,0,0,0,0,0,0,0,0,1
7/20/2023,10/26/2023,Summer,Cascapedia,SAFO,254,0,0,0,0,0,0,0,0,0,0,0,0,0,1,0,0,0,0,0,0,0,1,0,0,0,0,0,0,0,0,0,0,0,0,0,0,0,0,0,3
7/20/2023,10/25/2023,Summer,Cascapedia,SAFO,255,0,0,0,0,0,0,0,0,0,0,0,0,0,0,0,0,0,0,0,0,0,0,0,0,0,0,0,0,0,0,0,0,0,0,0,0,0,0,0,2
7/20/2023,10/26/2023,Summer,Cascapedia,SAFO,256,0,0,0,0,0,0,0,0,0,0,0,0,0,0,0,0,0,0,0,0,0,0,0,0,0,0,0,0,0,0,0,0,0,0,0,0,0,0,0,49
7/20/2023,10/12/2023,Summer,Cascapedia,SAFO,257,0,0,0,0,0,0,0,0,0,0,0,0,0,0,0,0,0,0,0,0,0,0,0,0,0,0,0,0,0,0,0,0,0,0,0,0,0,0,0,8
7/20/2023,10/30/2023,Summer,Cascapedia,SAFO,269,0,0,0,3,0,0,0,0,0,3,0,0,0,0,0,0,0,0,0,0,0,0,0,0,0,0,0,0,0,0,0,0,0,0,0,0,0,0,0,13
7/20/2023,10/19/2023,Summer,Cascapedia,SAFO,270,0,0,0,0,0,0,0,0,0,0,0,0,0,0,0,0,0,0,0,0,0,0,0,0,0,0,0,0,0,0,0,0,0,0,0,0,0,0,0,1
7/20/2023,11/6/2023,Summer,Cascapedia,SAFO,273,0,0,0,0,0,0,0,0,0,0,0,0,0,0,0,0,0,0,0,0,0,0,0,0,0,0,0,0,0,0,0,0,0,0,0,0,0,0,0,1
7/20/2023,10/4/2023,Summer,Cascapedia,SAFO,274,0,0,0,0,0,0,0,0,0,0,0,0,14,0,0,0,0,0,0,0,0,0,2,12,0,0,0,0,0,0,0,0,0,0,0,0,0,0,1,0
7/20/2023,11/8/2023,Summer,Cascapedia,SAFO,279,0,0,0,0,0,0,0,0,0,0,0,0,7,0,0,0,3,0,0,0,0,0,2,2,0,0,0,0,0,0,0,0,0,0,0,0,0,2,0,8
7/20/2023,10/16/2023,Summer,Cascapedia,SAFO,280,1,0,1,15,0,0,0,0,0,0,0,15,3,0,0,3,0,0,0,0,0,0,0,0,0,0,0,0,0,0,0,0,0,0,0,0,0,0,0,0
7/20/2023,10/17/2023,Summer,Cascapedia,SAFO,282,0,0,0,0,0,0,0,0,0,0,0,0,6,1,0,0,0,0,0,0,1,0,3,3,0,0,0,0,0,0,0,0,0,0,0,0,0,4,0,18
7/20/2023,10/16/2023,Summer,Cascapedia,SAFO,283,0,0,0,0,0,0,0,0,0,0,0,0,35,1,0,12,17,0,0,0,0,0,6,0,0,1,0,0,0,0,0,0,0,0,0,0,0,2,0,67
7/20/2023,10/31/2023,Summer,Cascapedia,SAFO,284,0,0,0,0,0,0,0,0,0,0,0,0,34,0,0,0,0,0,0,0,0,0,20,14,0,0,0,0,0,0,0,0,0,0,0,0,0,0,0,0
7/20/2023,10/4/2023,Summer,Cascapedia,SAFO,285,1,0,1,0,0,0,0,0,0,0,0,0,0,0,0,0,0,0,0,0,0,0,0,0,0,0,0,0,0,0,0,0,0,0,0,0,0,0,0,2
7/20/2023,10/11/2023,Summer,Cascapedia,SAFO,286,0,0,0,0,0,0,0,0,0,0,0,0,1,0,0,1,0,0,0,0,0,0,0,0,0,0,0,0,0,0,0,0,0,0,0,0,0,0,0,0
7/20/2023,10/16/2023,Summer,Cascapedia,SAFO,287,0,0,0,0,0,0,0,0,0,0,0,0,0,0,0,0,0,0,0,0,0,0,0,0,0,0,0,0,0,0,0,0,0,0,0,0,0,0,0,5
7/20/2023,10/26/2023,Summer,Cascapedia,SAFO,288,0,0,0,0,0,0,0,0,0,0,0,0,11,0,1,0,0,0,0,0,0,0,1,0,0,0,0,0,0,0,1,8,0,0,0,0,0,0,0,22
7/20/2023,10/12/2023,Summer,Cascapedia,SAFO,289,0,0,0,0,0,0,0,0,0,0,0,0,0,0,0,0,0,0,0,0,0,0,0,0,0,0,0,0,0,0,0,0,0,0,0,0,0,0,0,23
7/20/2023,10/5/2023,Summer,Cascapedia,SAFO,291,0,0,0,19,0,0,0,0,0,0,19,0,0,5,0,0,0,0,0,0,0,5,0,0,0,0,0,0,0,0,0,0,0,0,0,0,0,0,3,17
7/20/2023,10/23/2023,Summer,Cascapedia,SAFO,292,0,0,0,0,0,0,0,0,0,0,0,0,0,2,0,0,0,0,0,0,0,1,0,0,0,0,0,0,0,0,0,0,1,0,0,0,0,5,0,3
7/20/2023,11/2/2023,Summer,Cascapedia,SAFO,293,0,0,0,0,0,0,0,0,0,0,0,0,18,0,0,0,0,0,0,0,0,0,3,15,0,0,0,0,0,0,0,0,0,0,0,0,0,0,0,0
7/20/2023,10/5/2023,Summer,Cascapedia,SAFO,295,0,0,0,0,0,0,0,0,0,0,0,0,19,0,0,0,0,0,0,0,0,0,6,13,0,0,0,0,0,0,0,0,0,0,0,0,0,0,0,0
7/20/2023,10/31/2023,Summer,Cascapedia,SAFO,296,0,0,0,0,0,0,0,0,0,0,0,0,23,0,0,0,0,0,0,0,0,0,0,0,0,0,0,0,0,0,0,20,0,3,0,0,0,0,0,0
7/20/2023,10/18/2023,Summer,Cascapedia,SAFO,297,0,0,0,0,0,0,0,0,0,0,0,0,0,0,0,0,0,0,0,0,0,0,0,0,0,0,0,0,0,0,0,0,0,0,0,0,0,11,0,5
7/30/2023,11/2/2023,Summer,Haymard,SAFO,352,0,0,0,0,0,0,0,0,0,0,0,0,6,0,2,0,0,0,0,0,0,0,0,4,0,0,0,0,0,0,0,0,0,0,0,0,0,0,0,0
7/30/2023,11/6/2023,Summer,Haymard,SAFO,378,0,0,0,1,0,0,0,1,0,0,0,0,220,5,4,0,0,0,0,0,5,0,0,2,0,0,0,0,0,0,2,4,0,208,0,0,0,0,1,11
7/30/2023,10/10/2023,Summer,Haymard,SAFO,393,0,0,0,0,0,0,0,0,0,0,0,0,0,0,0,0,0,0,0,0,0,0,0,0,0,0,0,0,0,0,0,0,0,0,0,0,0,0,0,1
7/30/2023,10/11/2023,Summer,Haymard,SAFO,360,0,0,0,0,0,0,0,0,0,0,0,0,183,0,0,11,0,0,0,0,0,0,0,0,0,0,0,0,0,0,7,0,0,165,0,0,0,0,0,22
7/30/2023,11/1/2023,Summer,Haymard,SAFO,352,0,0,0,0,0,0,0,0,0,0,0,0,0,0,0,0,0,0,0,0,0,0,0,0,0,0,0,0,0,0,0,0,0,0,0,0,0,0,0,0
7/30/2023,11/7/2023,Summer,Haymard,SAFO,355,0,0,0,0,0,0,0,0,0,0,0,0,0,0,0,0,0,0,0,0,0,0,0,0,0,0,0,0,0,0,0,0,0,0,0,0,0,0,0,0
7/30/2023,10/30/2023,Summer,Haymard,SAFO,359,0,0,0,0,0,0,0,0,0,0,0,0,0,0,0,0,0,0,0,0,0,0,0,0,0,0,0,0,0,0,0,0,0,0,0,0,0,0,0,0
7/30/2023,10/25/2023,Summer,Haymard,SAFO,367,0,0,0,0,0,0,0,0,0,0,0,0,0,0,0,0,0,0,0,0,0,0,0,0,0,0,0,0,0,0,0,0,0,0,0,0,0,0,0,0
7/30/2023,10/13/2023,Summer,Haymard,SAFO,379,0,0,0,0,0,0,0,0,0,0,0,0,0,0,0,0,0,0,0,0,0,0,0,0,0,0,0,0,0,0,0,0,0,0,0,0,0,0,0,0
7/30/2023,10/13/2023,Summer,Haymard,SAFO,382,0,0,0,0,0,0,0,0,0,0,0,0,0,0,0,0,0,0,0,0,0,0,0,0,0,0,0,0,0,0,0,0,0,0,0,0,0,0,0,0
7/30/2023,10/26/2023,Summer,Haymard,SAFO,385,0,0,0,0,0,0,0,0,0,0,0,0,0,0,0,0,0,0,0,0,0,0,0,0,0,0,0,0,0,0,0,0,0,0,0,0,0,0,0,0
7/30/2023,11/8/2023,Summer,Haymard,SAFO,390,0,0,0,0,0,0,0,0,0,0,0,0,0,0,0,0,0,0,0,0,0,0,0,0,0,0,0,0,0,0,0,0,0,0,0,0,0,0,0,0
7/30/2023,10/26/2023,Summer,Haymard,SAFO,391,0,0,0,0,0,0,0,0,0,0,0,0,0,0,0,0,0,0,0,0,0,0,0,0,0,0,0,0,0,0,0,0,0,0,0,0,0,0,0,0
7/30/2023,11/2/2023,Summer,Haymard,SAFO,392,0,0,0,0,0,0,0,0,0,0,0,0,0,0,0,0,0,0,0,0,0,0,0,0,0,0,0,0,0,0,0,0,0,0,0,0,0,0,0,0
7/30/2023,11/6/2023,Summer,Haymard,SAFO,381,0,0,0,810,807,0,0,3,0,0,0,0,5,0,0,0,0,0,0,0,0,0,0,0,0,0,0,0,0,0,0,0,0,5,0,0,0,0,0,0
7/30/2023,11/2/2023,Summer,Haymard,SAFO,386,0,0,0,185,183,0,0,1,1,0,0,0,0,0,0,0,0,0,0,0,0,0,0,0,0,0,0,0,0,0,0,0,0,0,0,0,0,0,0,0
7/30/2023,10/31/2023,Summer,Haymard,SAFO,394,0,0,0,326,324,0,0,2,0,0,0,0,5,0,0,0,0,0,0,0,0,0,0,0,0,0,0,0,0,0,0,0,0,3,0,0,2,0,1,0
7/30/2023,11/8/2023,Summer,Haymard,SAFO,364,0,0,0,340,0,0,0,0,0,340,0,0,6,0,0,0,0,0,0,0,0,0,0,6,0,0,0,0,0,0,0,0,0,0,0,0,0,0,0,4
7/30/2023,11/2/2023,Summer,Haymard,SAFO,348,2,2,0,0,0,0,0,0,0,0,0,0,0,0,0,0,0,0,0,0,0,0,0,0,0,0,0,0,0,0,0,0,0,0,0,0,0,0,0,0
7/30/2023,11/6/2023,Summer,Haymard,SAFO,349,0,0,0,0,0,0,0,0,0,0,0,0,64,2,1,0,0,0,0,0,2,0,0,1,0,0,0,0,0,0,9,49,0,4,0,0,0,0,3,190
7/30/2023,11/6/2023,Summer,Haymard,SAFO,350,0,0,0,0,0,0,0,0,0,0,0,0,5,0,0,0,0,0,0,0,0,0,5,0,0,0,0,0,0,0,0,0,0,0,0,0,0,0,0,0
7/30/2023,10/18/2023,Summer,Haymard,SAFO,351,0,0,0,0,0,0,0,0,0,0,0,0,52,0,0,0,0,0,0,3,0,0,0,0,0,0,0,0,0,0,0,0,0,49,0,0,0,0,0,44
7/30/2023,10/30/2023,Summer,Haymard,SAFO,353,0,0,0,0,0,0,0,0,0,0,0,0,9,0,0,0,0,0,0,0,0,0,0,9,0,0,0,0,0,0,0,0,0,0,0,0,0,0,0,0
7/30/2023,11/2/2023,Summer,Haymard,SAFO,354,0,0,0,40,0,0,0,0,0,40,0,0,3,0,0,0,0,0,0,0,0,0,0,0,0,0,0,0,0,0,0,0,0,3,0,0,0,0,0,4
7/30/2023,11/6/2023,Summer,Haymard,SAFO,356,0,0,0,2,0,0,0,1,0,0,0,1,7,1,0,0,0,0,0,0,1,0,1,0,0,0,0,0,0,0,0,6,0,0,0,0,0,0,0,8
7/30/2023,10/13/2023,Summer,Haymard,SAFO,357,0,0,0,0,0,0,0,0,0,0,0,0,0,0,0,0,0,0,0,0,0,0,0,0,0,0,0,0,0,0,0,0,0,0,0,0,0,0,0,7
7/30/2023,10/13/2023,Summer,Haymard,SAFO,358,0,0,0,0,0,0,0,0,0,0,0,0,1,0,0,0,0,0,0,0,0,0,0,0,0,0,0,0,0,0,0,0,0,0,1,0,0,0,1,1
7/30/2023,11/6/2023,Summer,Haymard,SAFO,361,0,0,0,0,0,0,0,0,0,0,0,0,4,0,0,0,0,0,0,0,0,0,0,4,0,0,0,0,0,0,0,0,0,0,0,0,0,0,0,0
7/30/2023,10/9/2023,Summer,Haymard,SAFO,362,0,0,0,0,0,0,0,0,0,0,0,0,2,0,0,0,0,0,0,0,0,0,2,0,0,0,0,0,0,0,0,0,0,0,0,0,0,0,0,15
7/30/2023,11/6/2023,Summer,Haymard,SAFO,363,0,0,0,0,0,0,0,0,0,0,0,0,35,2,0,0,0,0,0,0,2,0,0,6,0,0,0,0,0,0,0,0,0,12,17,0,0,0,0,69
7/30/2023,10/16/2023,Summer,Haymard,SAFO,365,0,0,0,0,0,0,0,0,0,0,0,0,0,0,0,0,0,0,0,0,0,0,0,0,0,0,0,0,0,0,0,0,0,0,0,0,0,0,0,7
7/30/2023,10/5/2023,Summer,Haymard,SAFO,366,0,0,0,0,0,0,0,0,0,0,0,0,7,0,0,0,0,0,0,0,0,0,7,0,0,0,0,0,0,0,0,0,0,0,0,0,0,0,0,0
7/30/2023,10/11/2023,Summer,Haymard,SAFO,368,0,0,0,0,0,0,0,0,0,0,0,0,7,0,0,1,0,0,0,0,0,0,2,4,0,0,0,0,0,0,0,0,0,0,0,0,0,0,0,7
7/30/2023,11/2/2023,Summer,Haymard,SAFO,369,0,0,0,0,0,0,0,0,0,0,0,0,12,0,1,0,0,0,0,0,0,0,6,1,0,0,0,0,0,0,0,3,0,1,0,0,0,0,0,10
7/30/2023,10/24/2023,Summer,Haymard,SAFO,370,0,0,0,0,0,0,0,0,0,0,0,0,19,0,0,0,0,0,0,0,0,0,12,7,0,0,0,0,0,0,0,0,0,0,0,0,0,0,1,0
7/30/2023,11/2/2023,Summer,Haymard,SAFO,371,0,0,0,0,0,0,0,0,0,0,0,0,6,0,0,0,0,0,0,0,0,0,0,0,0,0,0,0,0,0,0,0,0,6,0,0,0,0,0,0
7/30/2023,10/31/2023,Summer,Haymard,SAFO,372,0,0,0,0,0,0,0,0,0,0,0,0,0,2,0,0,0,0,0,0,2,0,0,0,0,0,0,0,0,0,0,0,0,0,0,0,0,0,0,11
7/30/2023,11/6/2023,Summer,Haymard,SAFO,373,0,0,0,0,0,0,0,0,0,0,0,0,14,0,0,0,0,0,0,0,0,0,8,4,0,0,0,0,0,0,0,2,0,0,0,0,0,0,0,0
7/30/2023,10/5/2023,Summer,Haymard,SAFO,374,0,0,0,0,0,0,0,0,0,0,0,0,16,1,0,0,0,0,0,0,0,0,3,13,1,0,0,0,0,0,0,0,0,0,0,0,0,0,0,0
7/30/2023,11/8/2023,Summer,Haymard,SAFO,375,0,0,0,0,0,0,0,0,0,0,0,0,3,1,0,0,0,0,0,0,1,0,2,1,0,0,0,0,0,0,0,0,0,0,0,0,0,0,0,1
7/30/2023,11/6/2023,Summer,Haymard,SAFO,376,0,0,0,0,0,0,0,0,0,0,0,0,8,0,0,0,0,0,0,0,0,0,8,0,0,0,0,0,0,0,0,0,0,0,0,0,0,0,0,1
7/30/2023,10/24/2023,Summer,Haymard,SAFO,377,0,0,0,0,0,0,0,0,0,0,0,0,4,1,0,0,0,0,0,0,1,0,2,2,0,0,0,0,0,0,0,0,0,0,0,0,0,0,0,8
7/30/2023,10/24/2023,Summer,Haymard,SAFO,380,0,0,0,0,0,0,0,0,0,0,0,0,18,0,0,0,1,0,0,0,0,0,3,13,0,0,0,0,0,0,0,0,0,0,1,0,0,0,0,2
7/30/2023,10/30/2023,Summer,Haymard,SAFO,383,0,0,0,0,0,0,0,0,130,0,0,0,82,3,1,0,0,0,0,0,3,0,0,0,0,0,0,0,0,0,0,0,0,41,40,0,0,0,0,40
7/30/2023,11/1/2023,Summer,Haymard,SAFO,384,0,0,0,0,0,0,0,0,0,0,0,0,116,0,0,0,0,0,0,0,0,0,0,0,0,0,0,0,0,0,0,0,0,116,0,0,0,0,0,0
7/30/2023,10/25/2023,Summer,Haymard,SAFO,387,0,0,0,0,0,0,0,0,0,0,0,0,5,0,0,0,0,0,0,0,0,0,0,0,0,0,0,0,0,0,0,0,0,3,2,0,0,1,0,2
7/30/2023,10/5/2023,Summer,Haymard,SAFO,388,0,0,0,0,0,0,0,0,0,0,0,0,2,0,2,0,0,0,0,0,0,0,0,0,0,0,0,0,0,0,0,0,0,0,0,0,0,0,0,0
7/30/2023,10/25/2023,Summer,Haymard,SAFO,389,0,0,0,0,0,0,0,0,0,0,0,0,20,0,0,0,0,0,0,0,0,0,11,8,0,0,0,0,0,0,0,0,0,0,1,0,0,0,0,0
7/12/2023,11/7/2023,Summer,Paul,SAFO,92,0,0,0,0,0,0,0,0,0,0,0,0,0,0,0,0,0,0,0,0,0,0,0,0,0,0,0,0,0,0,0,0,0,0,0,0,0,0,0,11
7/12/2023,10/23/2023,Summer,Paul,SAFO,94,0,0,0,0,0,0,0,0,0,0,0,0,0,0,0,0,0,0,0,0,0,0,0,0,0,0,0,0,0,0,0,0,0,0,0,0,0,0,0,32
7/12/2023,10/16/2023,Summer,Paul,SAFO,97,0,0,0,0,0,0,0,0,0,0,0,0,17,0,0,3,14,0,0,0,0,0,0,0,0,0,0,0,0,0,0,0,0,0,0,0,0,0,0,16
7/12/2023,10/31/2023,Summer,Paul,SAFO,100,0,0,0,0,0,0,0,0,0,0,0,0,34,0,0,0,34,0,0,0,0,0,0,0,0,0,0,0,0,0,0,0,0,0,0,0,0,0,0,34
7/12/2023,10/3/2023,Summer,Paul,SAFO,101,0,0,0,0,0,0,0,0,0,0,0,0,240,0,0,61,179,0,0,0,0,0,0,0,0,0,0,0,0,0,0,0,0,0,0,0,0,0,3,0
7/12/2023,10/27/2023,Summer,Paul,SAFO,104,0,0,0,0,0,0,0,0,0,0,0,0,249,0,0,78,167,0,0,0,0,0,0,0,0,0,0,0,0,0,4,0,0,0,0,0,0,1,0,0
7/12/2023,10/31/2023,Summer,Paul,SAFO,106,0,0,0,0,0,0,0,0,0,0,0,0,349,0,3,46,294,0,0,0,0,0,0,0,0,0,1,0,0,0,0,0,0,5,0,0,0,0,0,0
7/12/2023,10/13/2023,Summer,Paul,SAFO,111,0,0,0,0,0,0,0,0,0,0,0,0,36,0,0,6,30,0,0,0,0,0,0,0,0,0,0,0,0,0,0,0,0,0,0,0,0,0,0,29
7/12/2023,11/9/2023,Summer,Paul,SAFO,113,0,0,0,0,0,0,0,0,0,0,0,0,40,0,0,9,29,0,0,0,0,0,0,0,0,0,0,0,0,0,0,0,0,2,0,0,0,0,0,75
7/12/2023,10/24/2023,Summer,Paul,SAFO,114,0,0,0,0,0,0,0,0,0,0,0,0,1,0,0,0,1,0,0,0,0,0,0,0,0,0,0,0,0,0,0,0,0,0,0,0,0,0,0,0
7/12/2023,10/19/2023,Summer,Paul,SAFO,119,0,0,0,0,0,0,0,0,0,0,0,0,28,0,0,3,25,0,0,0,0,0,0,0,0,0,0,0,0,0,0,0,0,0,0,0,0,0,0,7
7/12/2023,10/18/2023,Summer,Paul,SAFO,127,0,0,0,0,0,0,0,0,0,0,0,0,247,0,0,66,181,0,0,0,0,0,0,0,0,0,0,0,0,0,0,0,0,0,0,0,0,0,0,155
7/12/2023,10/31/2023,Summer,Paul,SAFO,129,0,0,0,0,0,0,0,0,0,0,0,0,253,0,0,0,0,0,0,0,0,0,0,0,0,0,0,0,0,0,14,238,0,1,0,0,0,0,0,0
7/12/2023,10/24/2023,Summer,Paul,SAFO,131,0,0,0,0,0,0,0,0,0,0,0,0,22,0,0,0,21,0,0,0,0,0,0,0,0,0,0,0,0,0,0,0,0,1,0,0,0,0,1,38
7/12/2023,10/10/2023,Summer,Paul,SAFO,133,0,0,0,0,0,0,0,0,0,0,0,0,327,0,1,6,320,0,0,0,0,0,0,0,0,0,0,0,0,0,0,0,0,0,0,0,0,0,10,0
7/12/2023,10/23/2023,Summer,Paul,SAFO,135,0,0,0,0,0,0,0,0,0,0,0,0,37,0,0,5,25,0,0,2,0,0,0,0,0,0,0,0,0,0,0,0,0,5,0,0,0,0,0,124
7/12/2023,10/9/2023,Summer,Paul,SAFO,139,0,0,0,0,0,0,0,0,0,0,0,0,53,0,0,4,49,0,0,0,0,0,0,0,0,0,0,0,0,0,0,0,0,0,0,0,0,0,0,0
7/12/2023,10/9/2023,Summer,Paul,SAFO,110,0,0,0,0,0,0,0,0,0,0,0,0,0,0,0,0,0,0,0,0,0,0,0,0,0,0,0,0,0,0,0,0,0,0,0,0,0,0,0,64
7/12/2023,10/3/2023,Summer,Paul,SAFO,132,0,0,0,0,0,0,0,0,0,0,0,0,4,0,0,4,0,0,0,0,0,0,0,0,0,0,0,0,0,0,0,0,0,0,0,0,0,0,0,266
7/12/2023,10/2/2023,Summer,Paul,SAFO,96,0,0,0,0,0,0,0,0,0,0,0,0,0,0,0,0,0,0,0,0,0,0,0,0,0,0,0,0,0,0,0,0,0,0,0,0,0,0,0,0
7/16/2023,10/30/2023,Summer,Paul,SAFO,198,0,0,0,0,0,0,0,0,0,0,0,0,0,0,0,0,0,0,0,0,0,0,0,0,0,0,0,0,0,0,0,0,0,0,0,0,0,0,0,0
3/30/2023,11/23/2023,Winter,Paul,SAFO,254,0,0,0,0,0,0,0,0,0,0,0,0,0,0,0,0,0,0,0,0,0,0,0,0,0,0,0,0,0,0,0,0,0,0,0,0,0,0,0,0
3/30/2023,11/9/2023,Winter,Paul,SAFO,255,0,0,0,0,0,0,0,0,0,0,0,0,0,0,0,0,0,0,0,0,0,0,0,0,0,0,0,0,0,0,0,0,0,0,0,0,0,0,0,0
3/16/2023,11/14/2023,Winter,Paul,SAFO,16,0,0,0,0,0,0,0,0,0,0,0,0,2,0,0,0,0,1,0,0,0,0,0,0,0,0,1,0,0,0,0,0,0,0,0,0,0,0,0,4
3/30/2023,11/29/2023,Winter,Paul,SAFO,253,0,0,0,0,0,0,0,0,0,0,0,0,512,0,0,355,101,5,0,0,0,0,0,0,0,0,2,0,0,0,0,0,0,49,0,0,0,0,0,0
7/12/2023,10/12/2023,Summer,Paul,SAFO,130,0,0,0,0,0,0,0,0,0,0,0,0,288,0,1,49,225,0,0,0,0,0,0,0,0,0,0,0,0,0,0,0,0,13,0,0,0,0,0,0
7/12/2023,10/26/2023,Summer,Paul,SAFO,137,0,0,0,0,0,0,0,0,0,0,0,0,286,0,1,17,266,0,0,0,0,0,0,0,0,0,0,0,0,0,2,0,0,0,0,0,0,1,0,0
7/12/2023,10/13/2023,Summer,Paul,SAFO,140,0,0,0,0,0,0,0,0,0,0,0,0,496,0,0,21,475,0,0,0,0,0,0,0,0,0,0,0,0,0,0,0,0,0,0,0,0,0,0,0
7/12/2023,10/11/2023,Summer,Paul,SAFO,116,0,0,0,0,0,0,0,0,0,0,0,0,164,2,0,43,115,0,0,0,0,2,0,0,0,0,0,0,0,0,0,0,0,5,1,0,0,0,0,148
3/12/2023,11/27/2023,Winter,Paul,SAFO,4,0,0,0,0,0,0,0,0,0,0,0,0,72,0,0,26,39,1,0,0,0,0,0,0,0,0,3,0,0,0,0,0,0,3,0,0,0,0,0,29
3/15/2023,11/13/2023,Winter,Paul,SAFO,9,0,0,0,0,0,0,0,0,0,0,0,0,1,0,0,1,0,0,0,0,0,0,0,0,0,0,0,0,0,0,0,0,0,0,0,0,0,0,0,1
3/15/2023,12/18/2023,Winter,Paul,SAFO,12,0,0,0,0,0,0,0,0,0,0,0,0,44,0,0,4,38,0,0,0,0,0,0,0,0,0,1,0,1,0,0,0,0,0,0,0,0,0,0,0
3/16/2023,11/23/2023,Winter,Paul,SAFO,18,0,0,0,0,0,0,0,0,0,0,0,0,0,0,0,0,0,0,0,0,0,0,0,0,0,0,0,0,0,0,0,0,0,0,0,0,0,0,0,1
3/16/2023,11/23/2023,Winter,Paul,SAFO,20,0,0,0,0,0,0,0,0,0,0,0,0,50,0,1,7,27,0,0,0,0,0,0,0,0,0,1,0,0,0,0,0,0,14,0,0,0,0,0,113
3/18/2023,11/9/2023,Winter,Paul,SAFO,29,0,0,0,0,0,0,0,0,0,0,0,0,244,0,0,0,0,0,0,0,0,0,0,0,0,0,178,66,0,0,0,0,0,0,0,0,0,0,0,21
3/18/2023,11/23/2023,Winter,Paul,SAFO,31,0,0,0,0,0,0,0,0,0,0,0,0,0,0,0,0,0,0,0,0,0,0,0,0,0,0,0,0,0,0,0,0,0,0,0,0,0,0,0,1
3/20/2023,11/27/2023,Winter,Paul,SAFO,62,0,0,0,0,0,0,0,0,0,0,0,0,17,0,0,4,0,5,8,0,0,0,0,0,0,0,0,0,0,0,0,0,0,0,0,0,0,0,0,29
3/20/2023,11/28/2023,Winter,Paul,SAFO,64,0,0,0,0,0,0,0,0,0,0,0,0,132,0,0,50,77,1,0,0,0,0,0,0,0,0,0,0,0,0,0,0,0,4,0,0,0,0,0,4
3/20/2023,11/13/2023,Winter,Paul,SAFO,65,0,0,0,0,0,0,0,0,0,0,0,0,593,0,0,403,144,0,0,0,0,0,0,0,0,0,5,2,0,0,0,0,0,39,0,0,0,1,0,7
7/12/2023,11/7/2023,Summer,Paul,SAFO,90,0,0,0,0,0,0,0,0,0,0,0,0,35,0,1,1,0,0,0,0,0,0,0,0,0,0,0,0,0,0,11,19,0,3,0,0,0,0,0,140
7/12/2023,10/19/2023,Summer,Paul,SAFO,91,0,0,0,0,0,0,0,0,0,0,0,0,5,0,0,1,4,0,0,0,0,0,0,0,0,0,0,0,0,0,0,0,0,0,0,0,0,0,0,17
7/12/2023,10/19/2023,Summer,Paul,SAFO,93,0,0,0,0,0,0,0,0,0,0,0,0,6,0,0,3,0,0,0,3,0,0,0,0,0,0,0,0,0,0,0,0,0,0,0,0,0,1,0,25
7/12/2023,10/31/2023,Summer,Paul,SAFO,95,0,0,0,0,0,0,0,0,0,0,0,0,49,0,0,12,29,0,0,1,0,0,0,0,0,0,0,0,0,0,7,0,0,0,0,0,0,0,0,0
7/12/2023,11/6/2023,Summer,Paul,SAFO,98,0,0,0,0,0,0,0,0,0,0,0,0,0,0,0,0,0,0,0,0,0,0,0,0,0,0,0,0,0,0,0,0,0,0,0,0,0,0,0,212
7/12/2023,10/19/2023,Summer,Paul,SAFO,99,0,0,0,0,0,0,0,0,0,0,0,0,98,0,0,51,47,0,0,0,0,0,0,0,0,0,0,0,0,0,0,0,0,0,0,0,0,0,0,0
7/12/2023,10/30/2023,Summer,Paul,SAFO,102,0,0,0,0,0,0,0,0,0,0,0,0,46,4,0,0,0,0,0,0,4,0,0,0,0,0,0,0,0,0,5,41,0,0,0,0,0,0,0,0
7/12/2023,11/8/2023,Summer,Paul,SAFO,103,0,0,0,0,0,0,0,0,0,0,0,0,46,0,0,5,41,0,0,0,0,0,0,0,0,0,0,0,0,0,0,0,0,0,0,0,0,0,0,152
7/12/2023,10/25/2023,Summer,Paul,SAFO,105,0,0,0,0,0,0,0,0,0,0,0,0,18,0,0,0,0,0,0,0,0,0,0,0,0,0,0,0,0,0,7,11,0,0,0,0,0,6,0,91
3/22/2023,11/14/2023,Winter,Paul,SAFO,105,0,0,0,0,0,0,0,0,0,0,0,0,126,0,0,0,0,5,0,0,0,0,0,0,0,0,114,7,0,0,0,0,0,0,0,0,0,0,0,8
7/12/2023,11/8/2023,Summer,Paul,SAFO,107,0,0,0,0,0,0,0,0,0,0,0,0,21,0,1,0,0,0,0,0,0,0,0,0,0,0,0,0,0,0,0,18,0,2,0,0,0,0,0,165
7/12/2023,10/26/2023,Summer,Paul,SAFO,108,0,0,0,0,0,0,0,0,0,0,0,0,0,0,0,0,0,0,0,0,0,0,0,0,0,0,0,0,0,0,0,0,0,0,0,0,0,0,0,1
7/12/2023,11/1/2023,Summer,Paul,SAFO,109,0,0,0,0,0,0,0,0,0,0,0,0,67,11,3,0,0,0,0,0,11,0,0,0,0,0,0,0,0,0,8,41,0,15,0,0,0,0,0,106
3/22/2023,12/18/2023,Winter,Paul,SAFO,109,0,0,0,0,0,0,0,0,0,0,0,0,30,0,0,0,0,0,0,0,0,0,0,0,0,0,20,5,0,0,0,0,0,5,0,0,0,0,0,68
3/22/2023,11/27/2023,Winter,Paul,SAFO,110,0,0,0,0,0,0,0,0,0,0,0,0,64,0,0,30,15,0,0,2,0,0,0,0,0,0,2,0,0,0,0,0,0,15,0,0,0,0,0,128
7/12/2023,10/24/2023,Summer,Paul,SAFO,112,0,0,0,0,0,0,0,0,0,0,0,0,28,0,0,0,28,0,0,0,0,0,0,0,0,0,0,0,0,0,0,0,0,0,0,0,0,0,0,44
3/27/2023,11/23/2023,Winter,Paul,SAFO,112,0,0,0,0,0,0,0,0,0,0,0,0,0,0,0,0,0,0,0,0,0,0,0,0,0,0,0,0,0,0,0,0,0,0,0,0,0,0,0,10
3/22/2023,11/27/2023,Winter,Paul,SAFO,113,0,0,0,0,0,0,0,0,0,0,0,0,246,0,0,109,121,2,2,0,0,0,0,0,0,0,1,0,0,0,0,0,0,11,0,0,0,0,0,258
3/22/2023,12/1/2023,Winter,Paul,SAFO,114,0,0,0,0,0,0,0,0,0,0,0,0,193,0,2,123,38,3,0,1,0,0,0,0,0,0,2,0,0,0,0,0,0,24,0,0,0,0,0,0
7/12/2023,10/24/2023,Summer,Paul,SAFO,115,0,0,0,0,0,0,0,0,0,0,0,0,229,0,6,54,158,0,0,10,0,0,0,0,0,0,0,0,0,0,0,0,0,1,0,0,0,0,0,2
7/12/2023,11/7/2023,Summer,Paul,SAFO,117,0,0,0,0,0,0,0,0,0,0,0,0,0,0,0,0,0,0,0,0,0,0,0,0,0,0,0,0,0,0,0,0,0,0,0,0,0,0,0,2
7/12/2023,10/3/2023,Summer,Paul,SAFO,118,0,0,0,0,0,0,0,0,0,0,0,0,1,0,0,1,0,0,0,0,0,0,0,0,0,0,0,0,0,0,0,0,0,0,0,0,0,7,0,14
7/12/2023,10/30/2023,Summer,Paul,SAFO,120,0,0,0,0,0,0,0,0,0,0,0,0,0,0,0,0,0,0,0,0,0,0,0,0,0,0,0,0,0,0,0,0,0,0,0,0,0,0,1,72
7/12/2023,10/31/2023,Summer,Paul,SAFO,125,0,0,0,0,0,0,0,0,0,0,0,0,60,0,0,0,0,0,0,0,0,0,0,0,0,0,0,0,0,0,29,30,0,1,0,0,0,0,0,22
7/12/2023,10/16/2023,Summer,Paul,SAFO,126,0,0,0,0,0,0,0,0,0,0,0,0,73,0,0,46,27,0,0,0,0,0,0,0,0,0,0,0,0,0,0,0,0,0,0,0,0,0,0,12
7/12/2023,10/3/2023,Summer,Paul,SAFO,128,0,0,0,0,0,0,0,0,0,0,0,0,17,0,0,0,0,0,0,0,0,0,0,0,0,0,0,0,0,0,17,0,0,0,0,0,0,1,0,31
7/12/2023,10/26/2023,Summer,Paul,SAFO,134,0,0,0,0,0,0,0,0,0,0,0,0,67,0,0,22,45,0,0,0,0,0,0,0,0,0,0,0,0,0,0,0,0,0,0,0,0,0,0,0
7/12/2023,11/9/2023,Summer,Paul,SAFO,136,0,0,0,0,0,0,0,0,0,0,0,0,3,0,0,0,3,0,0,0,0,0,0,0,0,0,0,0,0,0,0,0,0,0,0,0,0,0,0,30
7/12/2023,10/25/2023,Summer,Paul,SAFO,138,0,0,0,0,0,0,0,0,0,0,0,0,2,0,0,0,0,0,0,0,0,0,0,0,0,0,0,0,0,0,0,2,0,0,0,0,0,0,0,19
7/12/2023,11/1/2023,Summer,Paul,SAFO,141,0,0,0,0,0,0,0,0,0,0,0,0,49,0,0,27,19,0,0,0,0,0,0,0,0,0,0,0,0,0,1,2,0,0,0,0,0,0,0,135
7/12/2023,10/3/2023,Summer,Paul,SAFO,142,0,0,0,0,0,0,0,0,0,0,0,0,82,0,0,3,3,0,0,0,0,0,1,0,0,0,0,0,0,0,74,0,0,1,0,0,0,0,0,27
3/25/2023,11/14/2023,Winter,Paul,SAFO,142,0,0,0,0,0,0,0,0,0,0,0,0,0,0,0,0,0,0,0,0,0,0,0,0,0,0,0,0,0,0,0,0,0,0,0,0,0,0,4,49
7/12/2023,10/19/2023,Summer,Paul,SAFO,143,0,0,0,0,0,0,0,0,0,0,0,0,30,0,0,1,27,0,0,2,0,0,0,0,0,0,0,0,0,0,0,0,0,0,0,0,0,0,0,153
3/25/2023,12/1/2023,Winter,Paul,SAFO,143,0,0,0,0,0,0,0,0,0,0,0,0,3,0,0,0,0,3,0,0,0,0,0,0,0,0,0,0,0,0,0,0,0,0,0,0,0,0,0,16
7/12/2023,10/31/2023,Summer,Paul,SAFO,144,0,0,0,0,0,0,0,0,0,0,0,0,60,2,2,2,1,0,0,0,2,0,0,0,0,0,0,0,0,0,15,26,0,14,0,0,0,0,1,231
3/25/2023,11/28/2023,Winter,Paul,SAFO,144,0,0,0,0,0,0,0,0,0,0,0,0,19,0,2,10,3,0,0,0,0,0,0,0,0,0,0,0,0,0,0,0,0,4,0,0,0,0,0,217
7/12/2023,10/24/2023,Summer,Paul,SAFO,145,0,0,0,0,0,0,0,0,0,0,0,0,0,0,0,0,0,0,0,0,0,0,0,0,0,0,0,0,0,0,0,0,0,0,0,0,0,0,0,153
3/25/2023,12/7/2023,Winter,Paul,SAFO,145,0,0,0,0,0,0,0,0,0,0,0,0,21,0,0,17,0,2,0,0,0,0,0,0,0,0,1,0,0,0,0,0,0,0,1,0,0,0,0,26
7/12/2023,10/13/2023,Summer,Paul,SAFO,146,0,0,0,0,0,0,0,0,0,0,0,0,104,0,0,32,72,0,0,0,0,0,0,0,0,0,0,0,0,0,0,0,0,0,0,0,0,0,0,28
3/25/2023,12/18/2023,Winter,Paul,SAFO,146,0,0,0,0,0,0,0,0,0,0,0,0,49,0,0,37,0,0,0,0,0,0,0,0,0,0,3,0,0,0,0,0,0,9,0,0,0,0,0,54
3/27/2023,12/7/2023,Winter,Paul,SAFO,172,0,0,0,0,0,0,0,0,0,0,0,0,6,0,0,0,0,1,4,0,0,0,0,0,0,0,1,0,0,0,0,0,0,0,0,0,0,0,0,4
3/27/2023,11/29/2023,Winter,Paul,SAFO,173,0,0,0,0,0,0,0,0,0,0,0,0,29,0,1,1,21,0,0,0,0,0,0,0,0,0,3,0,0,0,0,0,0,3,0,0,0,0,0,0
3/27/2023,11/21/2023,Winter,Paul,SAFO,174,0,0,0,0,0,0,0,0,0,0,0,0,9,0,0,0,0,0,0,0,0,0,0,0,0,0,2,0,0,0,0,0,0,7,0,0,0,1,0,121
3/27/2023,11/30/2023,Winter,Paul,SAFO,175,0,0,0,0,0,0,0,0,0,0,0,0,31,0,0,1,0,2,0,0,0,0,0,0,0,0,11,16,0,0,0,0,0,1,0,0,0,0,0,0
3/27/2023,11/28/2023,Winter,Paul,SAFO,178,0,0,0,0,0,0,0,0,0,0,0,0,4,0,0,1,0,0,2,0,0,0,0,0,0,0,1,0,0,0,0,0,0,0,0,0,0,0,0,16
7/16/2023,10/23/2023,Summer,Paul,SAFO,193,0,0,0,0,0,0,0,0,0,0,0,0,25,0,0,0,25,0,0,0,0,0,0,0,0,0,0,0,0,0,0,0,0,0,0,0,0,0,1,81
7/16/2023,11/2/2023,Summer,Paul,SAFO,196,0,0,0,0,0,0,0,0,0,0,0,0,24,0,0,0,0,0,0,0,0,0,0,0,0,0,0,0,0,0,0,24,0,0,0,0,0,0,0,152
3/28/2023,11/30/2023,Winter,Paul,SAFO,199,0,0,0,0,0,0,0,0,0,0,0,0,1,0,0,0,1,0,0,0,0,0,0,0,0,0,0,0,0,0,0,0,0,0,0,0,0,0,0,0
3/28/2023,12/1/2023,Winter,Paul,SAFO,200,0,0,0,0,0,0,0,0,0,0,0,0,4,0,0,2,0,1,0,0,0,0,0,0,0,0,1,0,0,0,0,0,0,0,0,0,0,0,0,3
3/28/2023,11/28/2023,Winter,Paul,SAFO,201,0,0,0,0,0,0,0,0,0,0,0,0,36,0,1,14,19,0,0,0,0,0,0,0,0,0,0,0,0,0,0,0,0,2,0,0,0,0,0,0
3/28/2023,12/7/2023,Winter,Paul,SAFO,202,0,0,0,0,0,0,0,0,0,0,0,0,16,0,0,7,0,6,1,0,0,0,0,0,0,0,0,2,0,0,0,0,0,0,0,0,0,0,0,26
3/30/2023,11/15/2023,Winter,Paul,SAFO,256,0,0,0,0,0,0,0,0,0,0,0,0,18,0,0,4,14,0,0,0,0,0,0,0,0,0,0,0,0,0,0,0,0,0,0,0,0,0,0,0
3/30/2023,11/23/2023,Winter,Paul,SAFO,257,0,0,0,0,0,0,0,0,0,0,0,0,38,0,0,5,21,0,0,0,0,0,0,0,0,0,4,0,0,0,0,0,0,7,1,0,0,0,0,83
3/30/2023,11/14/2023,Winter,Paul,SAFO,258,0,0,0,1,0,0,0,1,0,0,0,0,20,0,1,11,0,2,5,0,0,0,0,0,0,0,1,0,0,0,0,0,0,0,0,0,0,0,1,47
7/5/2023,10/12/2023,Summer,Thibault,SAFO,28,0,0,0,0,0,0,0,0,0,0,0,0,8,5,0,7,1,0,0,0,4,0,0,0,1,0,0,0,0,0,0,0,0,0,0,0,0,0,0,21
7/5/2023,10/12/2023,Summer,Thibault,SAFO,34,0,0,0,0,0,0,0,0,0,0,0,0,2,0,0,0,1,0,0,0,0,0,0,0,0,0,0,0,0,0,0,0,0,1,0,0,0,0,0,46
7/5/2023,10/16/2023,Summer,Thibault,SAFO,36,0,0,0,0,0,0,0,0,0,0,0,0,1,0,0,0,1,0,0,0,0,0,0,0,0,0,0,0,0,0,0,0,0,0,0,0,0,0,0,8
7/5/2023,10/18/2023,Summer,Thibault,SAFO,41,0,0,0,0,0,0,0,0,0,0,0,0,1,0,0,1,0,0,0,0,0,0,0,0,0,0,0,0,0,0,0,0,0,0,0,0,0,0,0,0
7/6/2023,10/27/2023,Summer,Thibault,SAFO,51,0,0,0,0,0,0,0,0,0,0,0,0,0,0,0,0,0,0,0,0,0,0,0,0,0,0,0,0,0,0,0,0,0,0,0,0,0,0,0,25
7/6/2023,10/2/2023,Summer,Thibault,SAFO,54,0,0,0,0,0,0,0,0,0,0,0,0,1,0,0,1,0,0,0,0,0,0,0,0,0,0,0,0,0,0,0,0,0,0,0,0,0,9,0,0
7/6/2023,10/19/2023,Summer,Thibault,SAFO,55,0,0,0,1380,0,60,0,0,0,1320,0,0,0,0,0,0,0,0,0,0,0,0,0,0,0,0,0,0,0,0,0,0,0,0,0,0,0,0,0,0
7/5/2023,10/27/2023,Summer,Thibault,SAFO,42,0,0,0,0,0,0,0,0,0,0,0,0,0,0,0,0,0,0,0,0,0,0,0,0,0,0,0,0,0,0,0,0,0,0,0,0,0,0,0,0
7/6/2023,10/12/2023,Summer,Thibault,SAFO,52,0,0,0,0,0,0,0,0,0,0,0,0,0,0,0,0,0,0,0,0,0,0,0,0,0,0,0,0,0,0,0,0,0,0,0,0,0,0,0,0
7/6/2023,11/8/2023,Summer,Thibault,SAFO,58,0,0,0,0,0,0,0,0,0,0,0,0,0,0,0,0,0,0,0,0,0,0,0,0,0,0,0,0,0,0,0,0,0,0,0,0,0,0,0,0
3/28/2023,11/29/2023,Winter,Thibault,SAFO,203,0,0,0,0,0,0,0,0,0,0,0,0,0,0,0,0,0,0,0,0,0,0,0,0,0,0,0,0,0,0,0,0,0,0,0,0,0,0,0,0
3/28/2023,12/7/2023,Winter,Thibault,SAFO,205,0,0,0,0,0,0,0,0,0,0,0,0,0,0,0,0,0,0,0,0,0,0,0,0,0,0,0,0,0,0,0,0,0,0,0,0,0,0,0,0
3/28/2023,11/13/2023,Winter,Thibault,SAFO,217,0,0,0,0,0,0,0,0,0,0,0,0,0,0,0,0,0,0,0,0,0,0,0,0,0,0,0,0,0,0,0,0,0,0,0,0,0,0,0,0
3/29/2023,11/21/2023,Winter,Thibault,SAFO,228,0,0,0,0,0,0,0,0,0,0,0,0,0,0,0,0,0,0,0,0,0,0,0,0,0,0,0,0,0,0,0,0,0,0,0,0,0,0,0,0
3/28/2023,11/21/2023,Winter,Thibault,SAFO,218,0,0,0,0,0,0,0,0,0,0,0,0,0,0,0,0,0,0,0,0,0,0,0,0,0,0,0,0,0,0,0,0,0,0,0,0,0,0,0,0
3/28/2023,11/21/2023,Winter,Thibault,SAFO,223,0,0,0,0,0,0,0,0,0,0,0,0,0,0,0,0,0,0,0,0,0,0,0,0,0,0,0,0,0,0,0,0,0,0,0,0,0,0,0,0
6/29/2023,10/23/2023,Summer,Thibault,SAFO,1,0,0,0,0,0,0,0,0,0,0,0,0,7,21,0,1,4,0,0,0,21,0,1,1,0,0,0,0,0,0,0,0,0,0,0,0,0,11,0,0
6/30/2023,10/30/2023,Summer,Thibault,SAFO,2,0,0,0,0,0,0,0,0,0,0,0,0,30,3,0,11,19,0,0,0,0,1,0,0,0,0,0,0,0,0,0,0,2,0,0,0,0,1,0,20
6/30/2023,10/17/2023,Summer,Thibault,SAFO,3,0,0,0,0,0,0,0,0,0,0,0,0,23,1,0,19,4,0,0,0,1,0,0,0,0,0,0,0,0,0,0,0,0,0,0,0,0,0,1,9
7/5/2023,11/8/2023,Summer,Thibault,SAFO,4,0,0,0,0,0,0,0,0,0,0,0,0,19,0,0,8,10,0,0,0,0,0,1,0,0,0,0,0,0,0,0,0,0,0,0,0,0,0,0,20
7/5/2023,11/1/2023,Summer,Thibault,SAFO,5,0,0,0,0,0,0,0,0,0,0,0,0,7,11,0,4,3,0,0,0,5,6,0,0,0,0,0,0,0,0,0,0,0,0,0,0,0,0,0,66
7/5/2023,10/2/2023,Summer,Thibault,SAFO,6,0,0,0,0,0,0,0,0,0,0,0,0,1,11,0,0,0,0,0,0,11,0,1,0,0,0,0,0,0,0,0,0,0,0,0,0,0,0,0,27
7/5/2023,10/16/2023,Summer,Thibault,SAFO,7,0,0,0,0,0,0,0,0,0,0,0,0,1,1,0,0,0,0,0,0,1,0,0,1,0,0,0,0,0,0,0,0,0,0,0,0,0,5,0,13
7/5/2023,10/2/2023,Summer,Thibault,SAFO,8,0,0,0,0,0,0,0,0,0,0,0,0,3,0,0,0,0,0,0,0,0,0,0,3,0,0,0,0,0,0,0,0,0,0,0,0,0,0,0,1
7/5/2023,10/11/2023,Summer,Thibault,SAFO,9,0,0,0,0,0,0,0,0,0,0,0,0,0,0,0,0,0,0,0,0,0,0,0,0,0,0,0,0,0,0,0,0,0,0,0,0,0,1,0,7
7/5/2023,10/10/2023,Summer,Thibault,SAFO,29,0,0,0,0,0,0,0,0,0,0,0,0,0,0,0,0,0,0,0,0,0,0,0,0,0,0,0,0,0,0,0,0,0,0,0,0,0,1,0,7
7/5/2023,10/19/2023,Summer,Thibault,SAFO,30,0,0,0,0,0,0,0,0,0,0,0,0,18,0,0,6,12,0,0,0,0,0,0,0,0,0,0,0,0,0,0,0,0,0,0,0,0,0,0,0
7/5/2023,10/2/2023,Summer,Thibault,SAFO,31,0,0,0,0,0,0,0,0,0,0,0,0,0,39,0,0,0,0,0,0,0,0,0,0,0,39,0,0,0,0,0,0,0,0,0,0,0,0,0,0
7/5/2023,10/10/2023,Summer,Thibault,SAFO,32,0,0,0,0,0,0,0,0,0,0,0,0,1,0,0,0,0,0,0,0,0,0,1,0,0,0,0,0,0,0,0,0,0,0,0,0,0,0,1,44
7/5/2023,11/1/2023,Summer,Thibault,SAFO,33,0,0,0,0,0,0,0,0,0,0,0,0,0,8,0,0,0,0,0,0,3,5,0,0,0,0,0,0,0,0,0,0,0,0,0,0,0,14,0,43
7/5/2023,10/30/2023,Summer,Thibault,SAFO,35,0,0,0,0,0,0,0,0,0,0,0,0,12,0,0,0,0,0,0,0,0,0,12,0,0,0,0,0,0,0,0,0,0,0,0,0,0,0,0,0
7/5/2023,10/31/2023,Summer,Thibault,SAFO,37,0,0,0,0,0,0,0,0,0,0,0,0,0,0,0,0,0,0,0,0,0,0,0,0,0,0,0,0,0,0,0,0,0,0,0,0,0,0,0,59
7/5/2023,10/30/2023,Summer,Thibault,SAFO,38,0,0,0,0,0,0,0,0,0,0,0,0,0,1,0,0,0,0,0,0,0,1,0,0,0,0,0,0,0,0,0,0,0,0,0,0,0,0,0,6
7/5/2023,10/23/2023,Summer,Thibault,SAFO,39,0,0,0,0,0,0,0,0,0,0,0,0,0,0,0,0,0,0,0,0,0,0,0,0,0,0,0,0,0,0,0,0,0,0,0,0,0,0,0,2
7/5/2023,10/30/2023,Summer,Thibault,SAFO,40,0,0,0,0,0,0,0,0,0,0,0,0,11,0,0,4,7,0,0,0,0,0,0,0,0,0,0,0,0,0,0,0,0,0,0,0,0,0,0,19
7/6/2023,10/18/2023,Summer,Thibault,SAFO,48,0,0,0,0,0,0,0,0,0,0,0,0,10,6,0,8,0,0,0,0,6,0,2,0,0,0,0,0,0,0,0,0,0,0,0,0,0,0,0,48
7/6/2023,10/27/2023,Summer,Thibault,SAFO,49,0,0,0,0,0,0,0,0,0,0,0,0,1,3,0,0,1,0,0,0,0,3,0,0,0,0,0,0,0,0,0,0,0,0,0,0,0,0,0,7
7/6/2023,10/13/2023,Summer,Thibault,SAFO,50,0,0,0,0,0,0,0,0,0,0,0,0,1,0,0,0,0,0,0,0,0,0,1,0,0,0,0,0,0,0,0,0,0,0,0,0,0,0,0,13
7/6/2023,10/11/2023,Summer,Thibault,SAFO,53,0,0,0,0,0,0,0,0,0,0,0,0,0,0,0,0,0,0,0,0,0,0,0,0,0,0,0,0,0,0,0,0,0,0,0,0,0,0,0,7
7/6/2023,10/10/2023,Summer,Thibault,SAFO,56,0,0,0,0,0,0,0,0,0,0,0,0,0,0,0,0,0,0,0,0,0,0,0,0,0,0,0,0,0,0,0,0,0,0,0,0,0,0,1,1
7/6/2023,10/19/2023,Summer,Thibault,SAFO,57,0,0,0,0,0,0,0,0,0,0,0,0,1,0,0,0,0,0,0,0,0,0,1,0,0,0,0,0,0,0,0,0,0,0,0,0,0,0,0,1
7/6/2023,11/1/2023,Summer,Thibault,SAFO,59,0,0,0,0,0,0,0,0,0,0,0,0,18,6,0,12,6,0,0,0,5,1,0,0,0,0,0,0,0,0,0,0,0,0,0,0,0,0,0,23
7/6/2023,11/8/2023,Summer,Thibault,SAFO,60,0,0,0,0,0,0,0,0,0,0,0,0,8,6,0,1,0,0,0,0,3,3,5,2,0,0,0,0,0,0,0,0,0,0,0,0,0,0,0,11
7/6/2023,10/23/2023,Summer,Thibault,SAFO,61,0,0,0,0,0,0,0,0,0,0,0,0,0,7,0,0,0,0,0,0,7,0,0,0,0,0,0,0,0,0,0,0,0,0,0,0,0,0,0,141
7/6/2023,10/10/2023,Summer,Thibault,SAFO,62,0,0,0,0,0,0,0,0,0,0,0,0,8,0,0,5,2,0,0,0,0,0,0,0,0,0,0,0,0,0,1,0,0,0,0,0,0,0,0,39
7/6/2023,10/17/2023,Summer,Thibault,SAFO,64,0,0,0,439,263,18,0,0,0,158,0,0,0,0,0,0,0,0,0,0,0,0,0,0,0,0,0,0,0,0,0,0,0,0,0,0,0,0,0,1
7/6/2023,11/7/2023,Summer,Thibault,SAFO,65,0,0,0,0,0,0,0,0,0,0,0,0,0,0,0,0,0,0,0,0,0,0,0,0,0,0,0,0,0,0,0,0,0,0,0,0,0,0,0,4
7/6/2023,11/6/2023,Summer,Thibault,SAFO,66,0,0,0,44,44,0,0,0,0,0,0,0,0,0,0,0,0,0,0,0,0,0,0,0,0,0,0,0,0,0,0,0,0,0,0,0,0,1,0,3
3/25/2023,11/29/2023,Winter,Thibault,SAFO,150,0,0,0,0,0,0,0,0,0,0,0,0,11,0,0,1,0,1,0,0,0,0,0,0,0,0,0,0,3,4,0,0,0,2,0,0,0,0,0,2
3/26/2023,11/30/2023,Winter,Thibault,SAFO,152,0,0,0,0,0,0,0,0,0,0,0,0,2,0,0,0,0,0,0,0,0,0,0,0,0,0,1,0,0,0,0,0,0,1,0,0,0,0,0,4
3/26/2023,12/7/2023,Winter,Thibault,SAFO,156,0,0,0,0,0,0,0,0,0,0,0,0,25,0,0,0,0,4,21,0,0,0,0,0,0,0,0,0,0,0,0,0,0,0,0,0,0,0,0,21
3/26/2023,12/18/2023,Winter,Thibault,SAFO,157,0,0,0,0,0,0,0,0,0,0,0,0,6,0,0,0,0,0,0,0,0,0,0,0,0,0,0,0,4,2,0,0,0,0,0,0,0,0,0,13
3/26/2023,11/27/2023,Winter,Thibault,SAFO,164,0,0,0,0,0,0,0,0,0,0,0,0,1,0,0,1,0,0,0,0,0,0,0,0,0,0,0,0,0,0,0,0,0,0,0,0,0,0,0,0
3/26/2023,12/18/2023,Winter,Thibault,SAFO,165,0,0,0,0,0,0,0,0,0,0,0,0,5,0,0,2,3,0,0,0,0,0,0,0,0,0,0,0,0,0,0,0,0,0,0,0,0,0,0,0
7/17/2023,11/8/2023,Summer,Thibault,SAFO,166,0,0,0,0,0,0,0,0,0,0,0,0,6,1,0,6,0,0,0,0,1,0,0,0,0,0,0,0,0,0,0,0,0,0,0,0,0,0,0,5
3/26/2023,11/28/2023,Winter,Thibault,SAFO,166,0,0,0,0,0,0,0,0,0,0,0,0,0,0,0,0,0,0,0,0,0,0,0,0,0,0,0,0,0,0,0,0,0,0,0,0,0,0,0,5
7/13/2023,10/4/2023,Summer,Thibault,SAFO,167,0,0,0,7,0,0,0,0,0,0,0,7,41,1,0,23,18,0,0,0,1,0,0,0,0,0,0,0,0,0,0,0,0,0,0,0,0,0,1,40
3/26/2023,12/7/2023,Winter,Thibault,SAFO,167,0,0,0,0,0,0,0,0,0,0,0,0,5,0,0,0,0,0,0,0,0,0,0,0,0,0,1,4,0,0,0,0,0,0,0,0,0,0,0,4
7/13/2023,10/12/2023,Summer,Thibault,SAFO,168,0,0,0,0,0,0,0,0,0,0,0,0,27,0,0,10,17,0,0,0,0,0,0,0,0,0,0,0,0,0,0,0,0,0,0,0,0,0,0,37
3/26/2023,12/7/2023,Winter,Thibault,SAFO,170,0,0,0,0,0,0,0,0,0,0,0,0,2,0,0,0,2,0,0,0,0,0,0,0,0,0,0,0,0,0,0,0,0,0,0,0,0,0,0,15
3/27/2023,11/29/2023,Winter,Thibault,SAFO,179,0,0,0,0,0,0,0,0,0,0,0,0,10,0,0,1,0,1,7,0,0,0,0,0,0,0,1,0,0,0,0,0,0,0,0,0,0,0,0,0
3/27/2023,11/30/2023,Winter,Thibault,SAFO,180,0,0,0,0,0,0,0,0,0,0,0,0,1,0,0,0,0,0,0,0,0,0,0,0,0,0,0,0,0,1,0,0,0,0,0,0,0,0,0,0
3/27/2023,11/21/2023,Winter,Thibault,SAFO,183,0,0,0,0,0,0,0,0,0,0,0,0,4,0,0,0,3,1,0,0,0,0,0,0,0,0,0,0,0,0,0,0,0,0,0,0,0,0,0,12
3/27/2023,11/30/2023,Winter,Thibault,SAFO,184,0,0,0,0,0,0,0,0,0,0,0,0,5,0,1,1,2,0,1,0,0,0,0,0,0,0,0,0,0,0,0,0,0,0,0,0,0,0,0,2
3/27/2023,11/15/2023,Winter,Thibault,SAFO,185,0,0,0,0,0,0,0,0,0,0,0,0,0,0,0,0,0,0,0,0,0,0,0,0,0,0,0,0,0,0,0,0,0,0,0,0,0,0,0,3
3/27/2023,11/30/2023,Winter,Thibault,SAFO,185,0,0,0,0,0,0,0,0,0,0,0,0,1,0,0,0,0,0,0,0,0,0,0,0,0,0,1,0,0,0,0,0,0,0,0,0,0,0,0,8
3/27/2023,11/30/2023,Winter,Thibault,SAFO,186,0,0,0,0,0,0,0,0,0,0,0,0,35,0,3,7,0,1,0,0,0,0,2,0,0,0,8,4,3,7,0,0,0,0,0,0,0,0,0,101
3/27/2023,11/14/2023,Winter,Thibault,SAFO,187,0,0,0,0,0,0,0,0,0,0,0,0,0,0,0,0,0,0,0,0,0,0,0,0,0,0,0,0,0,0,0,0,0,0,0,0,0,0,0,1
3/27/2023,12/18/2023,Winter,Thibault,SAFO,193,0,0,0,0,0,0,0,0,0,0,0,0,5,0,0,0,0,5,0,0,0,0,0,0,0,0,0,0,0,0,0,0,0,0,0,0,0,0,0,0
3/27/2023,11/21/2023,Winter,Thibault,SAFO,197,0,0,0,0,0,0,0,0,0,0,0,0,0,0,0,0,0,0,0,0,0,0,0,0,0,0,0,0,0,0,0,0,0,0,0,0,0,0,0,1
3/28/2023,12/18/2023,Winter,Thibault,SAFO,215,0,0,0,0,0,0,0,0,0,0,0,0,10,0,0,0,0,5,5,0,0,0,0,0,0,0,0,0,0,0,0,0,0,0,0,0,0,0,0,0
3/28/2023,11/21/2023,Winter,Thibault,SAFO,216,0,0,0,0,0,0,0,0,0,0,0,0,0,0,0,0,0,0,0,0,0,0,0,0,0,0,0,0,0,0,0,0,0,0,0,0,0,0,0,6
3/28/2023,11/15/2023,Winter,Thibault,SAFO,219,0,0,0,0,0,0,0,0,0,0,0,0,0,0,0,0,0,0,0,0,0,0,0,0,0,0,0,0,0,0,0,0,0,0,0,0,0,0,0,2
3/28/2023,11/29/2023,Winter,Thibault,SAFO,220,0,0,0,0,0,0,0,0,0,0,0,0,0,0,0,0,0,0,0,0,0,0,0,0,0,0,0,0,0,0,0,0,0,0,0,0,0,0,0,13
3/28/2023,11/23/2023,Winter,Thibault,SAFO,221,0,0,0,0,0,0,0,0,0,0,0,0,1,0,0,1,0,0,0,0,0,0,0,0,0,0,0,0,0,0,0,0,0,0,0,0,0,0,0,3
3/28/2023,12/18/2023,Winter,Thibault,SAFO,222,0,0,0,0,0,0,0,0,0,0,0,0,12,0,0,0,0,0,12,0,0,0,0,0,0,0,0,0,0,0,0,0,0,0,0,0,0,0,0,0
3/28/2023,11/15/2023,Winter,Thibault,SAFO,224,0,0,0,0,0,0,0,0,0,0,0,0,0,0,0,0,0,0,0,0,0,0,0,0,0,0,0,0,0,0,0,0,0,0,0,0,0,0,0,9
3/29/2023,11/21/2023,Winter,Thibault,SAFO,229,0,0,0,0,0,0,0,0,0,0,0,0,1,0,0,0,0,0,1,0,0,0,0,0,0,0,0,0,0,0,0,0,0,0,0,0,0,0,0,15
3/29/2023,11/21/2023,Winter,Thibault,SAFO,230,0,0,0,0,0,0,0,0,0,0,0,0,0,0,0,0,0,0,0,0,0,0,0,0,0,0,0,0,0,0,0,0,0,0,0,0,0,0,0,1
3/29/2023,11/23/2023,Winter,Thibault,SAFO,234,0,0,0,0,0,0,0,0,0,0,0,0,1,0,0,0,0,0,1,0,0,0,0,0,0,0,0,0,0,0,0,0,0,0,0,0,0,0,0,0
3/29/2023,11/15/2023,Winter,Thibault,SAFO,236,0,0,0,0,0,0,0,0,0,0,0,0,0,0,0,0,0,0,0,0,0,0,0,0,0,0,0,0,0,0,0,0,0,0,0,0,0,0,0,2
3/29/2023,11/14/2023,Winter,Thibault,SAFO,238,0,0,0,0,0,0,0,0,0,0,0,0,2,0,0,0,0,0,1,0,0,0,0,0,0,0,0,0,1,0,0,0,0,0,0,0,0,0,0,6
3/29/2023,11/14/2023,Winter,Thibault,SAFO,239,0,0,0,0,0,0,0,0,0,0,0,0,1,0,0,0,0,0,0,0,0,0,0,0,0,0,1,0,0,0,0,0,0,0,0,0,0,0,0,8
3/29/2023,11/15/2023,Winter,Thibault,SAFO,240,0,0,0,0,0,0,0,0,0,0,0,0,8,0,0,2,1,0,0,0,0,0,5,0,0,0,0,0,0,0,0,0,0,0,0,0,0,0,0,15
3/30/2023,11/14/2023,Winter,Thibault,SAFO,244,0,0,0,0,0,0,0,0,0,0,0,0,14,0,0,3,5,0,0,0,0,0,3,3,0,0,0,0,0,0,0,0,0,0,0,0,0,0,0,16
3/30/2023,11/21/2023,Winter,Thibault,SAFO,246,0,0,0,0,0,0,0,0,0,0,0,0,2,0,0,0,0,0,2,0,0,0,0,0,0,0,0,0,0,0,0,0,0,0,0,0,0,0,0,0
3/30/2023,11/14/2023,Winter,Thibault,SAFO,250,0,0,0,0,0,0,0,0,0,0,0,0,1,0,0,0,0,0,0,0,0,0,0,0,0,0,0,0,1,0,0,0,0,0,0,0,0,0,0,12
3/30/2023,11/14/2023,Winter,Thibault,SAFO,251,0,0,0,0,0,0,0,0,0,0,0,0,0,0,0,0,0,0,0,0,0,0,0,0,0,0,0,0,0,0,0,0,0,0,0,0,0,0,0,24
3/30/2023,11/14/2023,Winter,Thibault,SAFO,252,0,0,0,0,0,0,0,0,0,0,0,0,1,0,0,0,1,0,0,0,0,0,0,0,0,0,0,0,0,0,0,0,0,0,0,0,0,0,0,3
